carbody,drivewheel,wheelbase,carlength,carwidth,carheight,curbweight,enginesize,boreratio,stroke,compressionratio,horsepower,peakrpm,citympg,highwaympg,price
hatchback,fwd,86.6,144.6,63.9,50.8,1713,92,2.91,3.41,9.6,58,4800,49,54,6479.0
wagon,4wd,95.7,169.7,63.6,59.1,3110,92,3.05,3.03,9.0,62,4800,27,32,8778.0
sedan,rwd,113.0,199.6,69.6,52.8,4066,258,3.63,4.17,8.1,176,4750,15,19,35550.0
sedan,fwd,100.4,180.2,66.9,55.1,2579,97,3.01,3.4,23.0,68,4500,33,38,13845.0
hatchback,fwd,99.1,186.6,66.5,56.1,2707,121,2.54,2.07,9.3,110,5250,21,28,15040.0
hatchback,4wd,93.3,157.3,63.8,55.7,2240,108,3.62,2.64,8.7,73,4400,26,31,7603.0
sedan,fwd,97.2,172.0,65.4,52.5,2190,108,3.62,2.64,9.5,82,4400,28,33,7775.0
sedan,fwd,102.4,175.6,66.5,54.9,2326,122,3.31,3.54,8.7,92,4200,29,34,8948.0
sedan,fwd,97.3,171.7,65.5,55.7,2261,97,3.01,3.4,23.0,52,4800,37,46,7775.0
sedan,4wd,97.0,172.0,65.4,54.3,2510,108,3.62,2.64,7.7,111,4800,24,29,11259.0
sedan,rwd,104.9,175.0,66.1,54.4,2700,134,3.43,3.64,22.0,72,4200,31,39,18344.0
hatchback,fwd,93.1,159.1,64.2,54.1,1890,91,3.03,3.15,9.0,68,5000,30,31,5195.0
sedan,fwd,94.5,165.3,63.8,54.5,1938,97,3.15,3.29,9.4,69,5200,31,37,6849.0
sedan,rwd,103.5,189.0,66.9,55.7,3230,209,3.62,3.39,8.0,182,5400,16,22,30760.0
hatchback,fwd,93.7,157.9,63.6,53.7,2120,108,3.62,2.64,8.7,73,4400,26,31,7053.0
hatchback,fwd,93.7,157.3,63.8,50.8,2128,98,3.03,3.39,7.6,102,5500,24,30,7957.0
sedan,rwd,104.3,188.8,67.2,56.2,3045,130,3.62,3.15,7.5,162,5100,17,22,18420.0
sedan,fwd,100.4,184.6,66.5,55.1,3060,181,3.43,3.27,9.0,152,5200,19,25,13499.0
hatchback,fwd,93.7,157.3,63.8,50.8,1918,90,2.97,3.23,9.4,68,5500,37,41,5572.0
hatchback,fwd,96.3,173.0,65.4,49.4,2328,122,3.35,3.46,8.5,88,5000,25,32,8499.0
hatchback,rwd,94.5,168.7,64.0,52.6,2300,98,3.24,3.08,9.4,112,6600,26,29,9538.0
hatchback,fwd,95.7,158.7,63.6,54.5,2040,92,3.05,3.03,9.0,62,4800,31,38,6338.0
convertible,rwd,96.6,180.3,70.5,50.8,3685,234,3.46,3.1,8.3,155,4750,16,18,35056.0
sedan,rwd,109.1,188.8,68.9,55.5,2952,141,3.78,3.15,9.5,114,5400,23,28,16845.0
convertible,rwd,89.5,168.9,65.0,51.6,2800,194,3.74,2.9,9.5,207,5900,17,25,37028.0
sedan,fwd,99.1,186.6,66.5,56.1,2695,121,3.54,3.07,9.3,110,5250,21,28,12170.0
sedan,fwd,96.3,172.4,65.4,51.6,2365,122,3.35,3.46,8.5,88,5000,25,32,6989.0
hatchback,fwd,93.7,157.3,63.8,50.8,1876,90,2.97,3.23,9.4,68,5500,31,38,6377.0
sedan,fwd,102.4,175.6,66.5,54.9,2414,122,3.31,3.54,8.7,92,4200,27,32,10898.0
hatchback,fwd,99.1,186.6,66.5,56.1,2808,121,3.54,3.07,9.0,160,5500,19,26,18150.0
sedan,fwd,93.7,157.3,63.8,50.6,1989,90,2.97,3.23,9.4,68,5500,31,38,6692.0
wagon,fwd,95.7,169.7,63.6,59.1,2280,92,3.05,3.03,9.0,62,4800,31,37,6918.0
hardtop,rwd,98.4,176.2,65.6,52.0,2540,146,3.62,3.5,9.3,116,4800,24,30,8449.0
hatchback,fwd,93.7,157.3,63.8,50.6,1967,90,2.97,3.23,9.4,68,5500,31,38,6229.0
sedan,rwd,107.9,186.7,68.4,56.7,3075,120,3.46,3.19,8.4,97,5000,19,24,16630.0
hatchback,fwd,93.7,150.0,64.0,52.6,1837,79,2.91,3.07,10.1,60,5500,38,42,5399.0
sedan,fwd,102.4,175.6,66.5,54.9,2480,110,3.27,3.35,22.5,73,4500,30,33,10698.0
hatchback,fwd,98.8,177.8,66.5,53.7,2385,122,3.39,3.39,8.6,84,4800,26,32,10595.0
sedan,rwd,107.9,186.7,68.4,56.7,3252,152,3.7,3.52,21.0,95,4150,28,33,17950.0
sedan,rwd,109.1,188.8,68.8,55.5,3049,141,3.78,3.15,8.7,160,5300,19,25,19045.0
sedan,fwd,99.1,186.6,66.5,56.1,2758,121,3.54,3.07,9.3,110,5250,21,28,15510.0
sedan,fwd,94.5,165.3,63.8,54.5,1889,97,3.15,3.29,9.4,69,5200,31,37,5499.0
sedan,fwd,97.3,171.7,65.5,55.7,2319,97,3.01,3.4,23.0,68,4500,37,42,9495.0
wagon,fwd,100.4,183.1,66.9,55.1,2563,109,3.19,3.4,9.0,88,5500,25,31,12290.0
sedan,fwd,97.3,171.7,65.5,55.7,2264,97,3.01,3.4,23.0,52,4800,37,46,7995.0
hatchback,rwd,102.7,178.4,68.0,54.8,2910,140,3.78,3.12,8.0,175,5000,19,24,16503.0
wagon,4wd,96.9,173.6,65.4,54.9,2420,108,3.62,2.64,9.0,82,4800,23,29,8013.0
hatchback,rwd,91.3,170.7,67.9,49.7,3071,181,3.43,3.27,9.0,160,5200,19,25,17199.0
wagon,fwd,105.8,192.7,71.4,55.7,2954,136,3.19,3.4,8.5,110,5500,19,25,18920.0
sedan,rwd,115.6,202.6,71.7,56.5,3740,234,3.46,3.1,8.3,155,4750,16,18,34184.0
wagon,rwd,114.2,198.9,68.4,56.7,3285,120,3.46,2.19,8.4,95,5000,19,24,16695.0
sedan,rwd,102.0,191.7,70.6,47.8,3950,326,3.54,2.76,11.5,262,5000,13,17,36000.0
hatchback,fwd,93.7,157.3,64.4,50.8,2004,92,2.97,3.23,9.4,68,5500,31,38,6669.0
wagon,rwd,104.5,187.8,66.5,54.1,3151,161,3.27,3.35,9.2,156,5200,19,24,15750.0
sedan,rwd,107.9,186.7,68.4,56.7,3075,120,3.46,2.19,8.4,95,5000,19,24,15580.0
sedan,rwd,94.3,170.7,61.8,53.5,2337,111,3.31,3.23,8.5,78,4800,24,29,6785.0
sedan,fwd,95.7,166.3,64.4,53.0,2275,110,3.27,3.35,22.5,56,4500,34,36,7898.0
hatchback,fwd,96.3,173.0,65.4,49.4,2370,110,3.17,3.46,7.5,116,5500,23,30,9959.0
sedan,fwd,99.8,176.6,66.2,54.3,2337,109,3.19,3.4,10.0,102,5500,24,30,13950.0
hatchback,rwd,94.5,168.7,64.0,52.6,2204,98,3.19,3.03,9.0,70,4800,29,34,8238.0
hatchback,rwd,102.9,183.5,67.7,52.0,2976,171,3.27,3.35,9.3,161,5200,20,24,16558.0
hatchback,rwd,95.3,169.0,65.7,49.6,2385,70,3.33,3.255,9.4,101,6000,17,23,13645.0
sedan,rwd,107.9,186.7,68.4,56.7,3197,152,3.7,3.52,21.0,95,4150,28,33,13200.0
hatchback,fwd,102.4,175.6,66.5,53.9,2414,122,3.31,3.54,8.7,92,4200,27,32,9988.0
wagon,fwd,103.3,174.6,64.6,59.8,2535,122,3.35,3.46,8.5,88,5000,24,30,8921.0
hardtop,rwd,98.4,176.2,65.6,52.0,2536,146,3.62,3.5,9.3,116,4800,24,30,9639.0
sedan,fwd,96.3,172.4,65.4,51.6,2403,110,3.17,3.46,7.5,116,5500,23,30,9279.0
sedan,fwd,96.3,172.4,65.4,51.6,2405,122,3.35,3.46,8.5,88,5000,25,32,8189.0
convertible,rwd,98.4,176.2,65.6,53.0,2975,146,3.62,3.5,9.3,116,4800,24,30,17669.0
hardtop,rwd,89.5,168.9,65.0,51.6,2756,194,3.74,2.9,9.5,207,5900,17,25,34028.0
hatchback,fwd,94.5,165.7,64.0,51.4,2221,109,3.19,3.4,8.5,90,5500,24,29,9980.0
hardtop,rwd,89.5,168.9,65.0,51.6,2756,194,3.74,2.9,9.5,207,5900,17,25,32528.0
hatchback,rwd,98.4,175.7,72.3,50.5,3366,203,3.94,3.11,10.0,288,5750,17,28,31400.5
sedan,fwd,93.7,157.3,63.8,50.6,1989,90,2.97,3.23,9.4,68,5500,31,38,7609.0
hatchback,fwd,95.9,173.2,66.3,50.2,2833,156,3.58,3.86,7.0,145,5000,19,24,12629.0
hardtop,rwd,106.7,187.5,70.3,54.9,3495,183,3.58,3.64,21.5,123,4350,22,25,28176.0
hatchback,fwd,93.7,156.9,63.4,53.7,2050,97,3.62,2.36,9.0,69,4900,31,36,5118.0
wagon,4wd,96.9,173.6,65.4,54.9,2650,108,3.62,2.64,7.7,111,4800,23,23,11694.0
sedan,fwd,97.2,173.4,65.2,54.7,2302,120,3.33,3.47,8.5,97,5200,27,34,9549.0
sedan,fwd,94.5,165.3,63.8,54.5,1918,97,3.15,3.29,9.4,69,5200,31,37,6649.0
wagon,rwd,114.2,198.9,68.4,58.7,3230,120,3.46,3.19,8.4,97,5000,19,24,12440.0
hatchback,fwd,98.8,177.8,66.5,55.5,2425,122,3.39,3.39,8.6,84,4800,26,32,11245.0
hatchback,rwd,91.3,170.7,67.9,49.7,3139,181,3.43,3.27,7.8,200,5200,17,23,19699.0
sedan,fwd,96.5,163.4,64.0,54.5,2010,92,2.91,3.41,9.2,76,6000,30,34,7295.0
sedan,rwd,113.0,199.6,69.6,52.8,4066,258,3.63,4.17,8.1,176,4750,15,19,32250.0
sedan,fwd,97.3,171.7,65.5,55.7,2300,109,3.19,3.4,10.0,100,5500,26,32,9995.0
hardtop,rwd,98.4,176.2,65.6,52.0,2679,146,3.62,3.5,9.3,116,4800,24,30,11199.0
convertible,rwd,88.6,168.8,64.1,48.8,2548,130,3.47,2.68,9.0,111,5000,21,27,16500.0
hatchback,fwd,93.1,159.1,64.2,54.1,1905,91,3.03,3.15,9.0,68,5000,31,38,6795.0
sedan,4wd,97.0,172.0,65.4,54.3,2385,108,3.62,2.64,9.0,82,4800,24,25,9233.0
hardtop,fwd,95.1,162.4,63.8,53.3,2008,97,3.15,3.29,9.4,69,5200,31,37,8249.0
sedan,rwd,104.5,187.8,66.5,54.1,3131,171,3.27,3.35,9.2,156,5200,20,24,15690.0
hatchback,fwd,93.7,157.3,64.4,50.8,1918,92,2.97,3.23,9.4,68,5500,37,41,5389.0
sedan,rwd,103.5,193.8,67.9,53.7,3380,209,3.62,3.39,8.0,182,5400,16,22,41315.0
sedan,fwd,94.5,165.3,63.8,54.5,1951,97,3.15,3.29,9.4,69,5200,31,37,7299.0
sedan,fwd,95.7,166.3,64.4,52.8,2140,98,3.19,3.03,9.0,70,4800,28,34,9258.0
sedan,fwd,99.1,186.6,66.5,56.1,2847,121,3.54,3.07,9.0,160,5500,19,26,18620.0
hatchback,fwd,99.1,186.6,66.5,56.1,2658,121,3.54,3.07,9.31,110,5250,21,28,11850.0
hatchback,fwd,94.5,155.9,63.6,52.0,1874,90,3.03,3.11,9.6,70,5400,38,43,6295.0
sedan,fwd,93.7,167.3,63.8,50.8,2191,98,2.97,3.23,9.4,68,5500,31,38,7609.0
